5,2,1,1,4,6,5,3,2,3,1,1,6
4,1,2,2,3,5,4,2,1,2,2,2,4
win,win,lose,lose,win,win,win,win,win,win,lose,lose,win
3,6,5,3,5,4,1,3,4,4,6
2,5,4,2,4,3,2,2,3,3,5
win,win,win,win,win,win,lose,win,win,win,win
5,4,5,3,1,6,1,6,3,6
4,1,4,2,2,5,2,5,2,5
win,win,win,win,lose,win,lose,win,win,win
5,2,2,2,5,4,2,4,5,6
4,1,1,1,4,3,1,3,4,5
win,win,win,win,win,win,win,win,win,win
3,2,5,1,2,2,5,5,6,3,6
2,1,4,3,1,1,4,4,5,2,5
win,win,win,lose,win,win,win,win,win,win,win
2,5,1,6,4,2,6,5,4,3,4
1,4,3,5,3,1,5,4,3,2,3
win,win,lose,win,win,win,win,win,win,win,win
4,3,5,4,3,3,1,1,3,1,5,5
3,2,3,3,2,2,3,6,2,2,4,4
win,win,win,win,win,win,lose,lose,win,lose,win,win
6,4,5,2,6
1,3,3,1,5
win,win,win,win,win
2,4,6,1,3,6,1,2,6,3,6
1,3,5,2,2,5,2,1,5,2,4
win,win,win,lose,win,win,lose,win,win,win,win
3,3,4,3,1,4,4,1,5,4,5,4
2,2,3,2,6,3,3,2,4,3,4,3
win,win,win,win,lose,win,win,lose,win,win,win,win
3,3,2,3,2,1,1,4,5,6,1,1,4,1,6
2,2,1,2,1,2,2,3,4,5,6,2,3,2,5
win,win,win,win,win,lose,lose,win,win,win,lose,lose,win,lose,win
5,1,1,5,1,4,1,5,5,6,1,4,6,1,5,2
4,2,2,4,2,3,2,4,4,5,2,3,5,2,4,1
win,lose,lose,win,lose,win,lose,win,win,win,lose,win,win,lose,win,win
5,2,4,5
1,1,3,1
win,win,win,win
6,5,1,6,1,2,5,2,1,2,5,2,3
5,4,2,5,3,1,4,1,3,1,4,1,2
win,win,lose,win,lose,win,win,win,lose,win,win,win,win
2,2,4,5,6,6,4,4
1,1,3,4,5,5,3,1
win,win,win,win,win,win,win,win
4,5,2,4,1,2
1,1,1,3,2,1
win,win,win,win,lose,win
1,6,6,2,2,4,3,3,6,2,5
2,5,5,1,1,3,2,2,5,1,4
lose,win,win,win,win,win,win,win,win,win,win
2,6,4,5,3,4,1,2,6,3
1,5,3,4,2,3,2,1,5,1
win,win,win,win,win,win,lose,win,win,win
6,1,6,5,2,2,3,2,5,5,2
5,2,5,4,1,1,2,1,4,4,1
win,lose,win,win,win,win,win,win,win,win,win
4,4,1,2,6,3,1,2,2,5,6,1,2
3,3,3,1,5,2,3,1,1,4,5,2,1
win,win,lose,win,win,win,lose,win,win,win,win,lose,win
1,3,2,3,3,4,2,3,4,6,4
2,2,1,2,2,3,1,2,3,5,3
lose,win,win,win,win,win,win,win,win,win,win
3,1,3,2,6,6,6,3,6,3,3
2,2,2,1,5,5,5,2,5,2,2
win,lose,win,win,win,win,win,win,win,win,win
1,3,6,4,1,4,5,3,1,6,2,6
2,2,5,3,2,3,4,2,3,5,1,1
lose,win,win,win,lose,win,win,win,lose,win,win,win
2,6,3,3,3,2,4,3,4
1,5,2,2,2,1,3,2,2
win,win,win,win,win,win,win,win,win
1,6,6,6,4,3,2,2,6,2,6
2,5,5,5,3,2,1,1,5,1,5
lose,win,win,win,win,win,win,win,win,win,win
2,5,1,6,5,6,3,3,2,5,1,4
1,4,2,5,4,5,2,2,1,4,2,3
win,win,lose,win,win,win,win,win,win,win,lose,win
3,2,6,6,6,4,2,6,1,6
2,1,5,5,5,3,1,5,2,4
win,win,win,win,win,win,win,win,lose,win
3,5,1,3,4,1,3,1,6,1,5,6,1,5
2,4,6,2,3,2,2,2,5,2,3,5,2,4
win,win,lose,win,win,lose,win,lose,win,lose,win,win,lose,win
6,6,1,6
1,5,2,1
win,win,lose,win
6,2,6,5,3,4,5,6,5
5,1,5,4,2,3,4,5,3
win,win,win,win,win,win,win,win,win
2,3,6,2,6,4
1,1,5,1,4,1
win,win,win,win,win,win
2,4,1,3,4,3,6,1,2,5,6
1,3,2,2,3,2,5,6,1,3,5
win,win,lose,win,win,win,win,lose,win,win,win
4,5,6,4,3,2,2,4
1,4,5,3,2,1,1,3
win,win,win,win,win,win,win,win
4,2,4,3,2,3,3,6,4
3,1,3,2,1,2,2,5,2
win,win,win,win,win,win,win,win,win
5,1,1,4,6,6,3,2,6,1,3
3,2,2,3,5,5,2,1,5,2,1
win,lose,lose,win,win,win,win,win,win,lose,win
3,6,2,3,2,6,1,1,6
2,5,1,2,1,5,2,2,1
win,win,win,win,win,win,lose,lose,win
3,6,4,5,6,5,5,2,1,2,6
2,5,3,4,5,4,4,1,2,1,5
win,win,win,win,win,win,win,win,lose,win,win
6,6,3,5,6,3,6,2,6,6
5,5,2,4,5,2,5,1,5,5
win,win,win,win,win,win,win,win,win,win
3,3,3,4,4,2,5
1,2,2,3,3,1,1
win,win,win,win,win,win,win
6,1,2,3,3,3,1,2,6,3,6,2
5,3,1,2,2,2,3,1,5,2,5,1
win,lose,win,win,win,win,lose,win,win,win,win,win
1,2,5,2,5,1,2,4,5,6,1,5,5
2,1,4,1,4,3,1,3,4,5,2,4,4
lose,win,win,win,win,lose,win,win,win,win,lose,win,win
6,4,6,4,1,5,6,6,1,5
5,3,5,3,2,4,4,5,2,3
win,win,win,win,lose,win,win,win,lose,win
6,3,6,1,2,1,2,3,6,1,2,1,3,2
5,2,5,2,1,3,1,2,5,2,1,2,2,1
win,win,win,lose,win,lose,win,win,win,lose,win,lose,win,win
1,4,3,2,5,3,4,5
6,1,2,1,4,2,3,3
lose,win,win,win,win,win,win,win
6,3,4,2,2,1,3,4,1,2,3,6
5,2,3,1,1,2,2,3,6,1,2,5
win,win,win,win,win,lose,win,win,lose,win,win,win
6,6,2,1,4,5,2,1,4,3,3,2
5,5,1,2,3,4,1,2,3,2,2,1
win,win,win,lose,win,win,win,lose,win,win,win,win
5,3,3,3,3,4,1,5,3,4,3
4,2,2,2,2,3,4,4,2,3,2
win,win,win,win,win,win,lose,win,win,win,win
1,3,4,4,2,6,4,2,6,4,4
2,2,3,3,1,5,3,1,5,3,3
lose,win,win,win,win,win,win,win,win,win,win
2,5,2,1,5,2,6,2,6,2,2
1,4,1,2,4,1,5,1,5,1,1
win,win,win,lose,win,win,win,win,win,win,win
4,6,2,1,5,2,6,1,6
3,5,1,2,4,1,5,2,1
win,win,win,lose,win,win,win,lose,win
5,6,5,2,3,1,3,2,6,1,1,1,5,2
4,5,4,1,2,2,2,1,5,2,2,2,4,1
win,win,win,win,win,lose,win,win,win,lose,lose,lose,win,win
6,1,2,4,1,6,4,3,2,6,1,4,2
5,3,1,3,3,5,3,2,1,5,2,3,1
win,lose,win,win,lose,win,win,win,win,win,lose,win,win
1,4,4,4,3,6,2,4,1,1,4,4,3
2,3,3,3,2,5,1,3,2,2,3,3,2
lose,win,win,win,win,win,win,win,lose,lose,win,win,win
2,3,1,1,4,6,1,4,5,1,6,3,6,6
1,2,3,2,3,5,2,3,4,2,5,2,5,1
win,win,lose,lose,win,win,lose,win,win,lose,win,win,win,win
1,1,3,4,6,4,2,2,5,3,2,3
2,2,2,3,5,3,1,1,4,2,1,2
lose,lose,win,win,win,win,win,win,win,win,win,win
5,2,4,1,2,5,1,3,5,2,1,1,5
4,1,3,2,1,4,2,2,3,1,2,2,4
win,win,win,lose,win,win,lose,win,win,win,lose,lose,win
1,5,3,6,5,6,6,2,6,6
6,4,2,5,4,5,5,1,5,1
lose,win,win,win,win,win,win,win,win,win
4,2,6,3,2,6,6
1,1,5,2,1,4,5
win,win,win,win,win,win,win
5,6,4,5,2,4
4,1,3,4,1,1
win,win,win,win,win,win
4,2,2,5,2,2,1,5,5,2,5
3,1,1,4,1,1,6,4,4,1,4
win,win,win,win,win,win,lose,win,win,win,win
6,2,1,3,2,1,6,4,5,2,1,5,3
5,1,2,2,1,3,5,3,4,1,2,4,2
win,win,lose,win,win,lose,win,win,win,win,lose,win,win
5,1,4,6,1,4,1,2,6,5,5
4,2,1,5,2,3,2,1,5,4,4
win,lose,win,win,lose,win,lose,win,win,win,win
3,3,3,3,6,6,6
2,2,2,2,5,4,3
win,win,win,win,win,win,win
2,4,1,1,5,4,1,2,1,1,4,3,1,4,5
1,3,2,2,4,3,3,1,2,2,3,1,2,3,4
win,win,lose,lose,win,win,lose,win,lose,lose,win,win,lose,win,win
4,3,5,1,5,1,1,2,3,5,6,2,2
3,2,4,2,4,2,2,1,2,4,5,1,1
win,win,win,lose,win,lose,lose,win,win,win,win,win,win
5,5,5,5,4,5,2,4
3,4,4,4,3,4,1,2
win,win,win,win,win,win,win,win
3,5,6,3,4,4,6,6,2,4
2,4,5,2,3,3,5,5,1,3
win,win,win,win,win,win,win,win,win,win
2,5,4,5,1,1,1,2,5,1
1,4,3,4,2,4,2,1,4,6
win,win,win,win,lose,lose,lose,win,win,lose
4,3,5,4,6,3,2,2,2
3,1,4,3,5,2,1,1,1
win,win,win,win,win,win,win,win,win
5,1,2,2,4,6,4,3,5,5
4,2,1,1,3,4,3,2,4,4
win,lose,win,win,win,win,win,win,win,win
1,6,6,5,1,5,4,2,4,2,1,1,1
6,5,5,4,3,4,3,1,3,1,2,2,2
lose,win,win,win,lose,win,win,win,win,win,lose,lose,lose
5,2,5,3,3,1,4,1,5,4,1,4,6
4,1,4,2,2,2,3,2,4,3,2,3,5
win,win,win,win,win,lose,win,lose,win,win,lose,win,win
3,1,3,4,1,4,1,5,3,1,1,4,1
2,6,2,3,2,3,2,4,2,2,2,3,2
win,lose,win,win,lose,win,lose,win,win,lose,lose,win,lose
5,4,3,3,4,3,3,3,6,2
4,3,2,2,3,2,2,2,5,1
win,win,win,win,win,win,win,win,win,win
6,4,3,5,2,1,5,6,6,6,4
5,3,2,4,1,2,4,5,5,5,3
win,win,win,win,win,lose,win,win,win,win,win
5,1,4,4,3,5,2,5,6,4
4,2,3,3,2,4,1,4,5,2
win,lose,win,win,win,win,win,win,win,win
2,4,1,6,6,4,4,4,4,6
1,3,6,5,5,3,3,3,3,4
win,win,lose,win,win,win,win,win,win,win
3,3,1,1,1,6,5,1,5,4,2,3,1,3
2,2,2,3,2,5,4,2,3,3,1,2,2,2
win,win,lose,lose,lose,win,win,lose,win,win,win,win,lose,win
5,6,2,6,6,4,1,2,5,6,2
4,5,1,5,5,3,2,1,4,5,1
win,win,win,win,win,win,lose,win,win,win,win
4,5,6,5
3,1,3,3
win,win,win,win
2,1,6,4,5,5,4,1,5,5,5
1,3,5,3,4,4,3,2,3,4,4
win,lose,win,win,win,win,win,lose,win,win,win
1,3,3,5,1,2,4,1
6,2,2,4,3,1,3,6
lose,win,win,win,lose,win,win,lose
6,4,2,3,6,4,1,4,1,6,3,3
5,3,1,2,5,3,2,3,2,5,2,2
win,win,win,win,win,win,lose,win,lose,win,win,win
2,4,2,2,1,3,3,2,5
1,3,1,1,2,2,2,1,2
win,win,win,win,lose,win,win,win,win
3,4,3,5,6,6,3,2,2,6
2,3,2,4,5,5,2,1,1,5
win,win,win,win,win,win,win,win,win,win
5,2,4,5,5,2,2,4,5
4,1,3,4,4,1,1,3,3
win,win,win,win,win,win,win,win,win
1,6,5,1,2,5,4,3,2,6,6,4
2,5,4,2,1,4,3,2,1,5,5,3
lose,win,win,lose,win,win,win,win,win,win,win,win
6,6,1,6,5,1,4,2,5,3,6,2
5,5,2,5,4,3,3,1,4,2,5,1
win,win,lose,win,win,lose,win,win,win,win,win,win
5,6,6,2,1,1,1,1,2,4,5,5,5
4,5,5,1,2,3,2,3,1,3,4,4,3
win,win,win,win,lose,lose,lose,lose,win,win,win,win,win
5,4,6,6,5,5,3,5,6
4,3,5,5,4,4,1,4,5
win,win,win,win,win,win,win,win,win
1,3,4,6,6,5,4,4,5,2,5
2,2,3,5,5,4,3,3,4,1,4
lose,win,win,win,win,win,win,win,win,win,win
5,6,5,5,6,4,3,1,1,5,6
3,5,4,4,5,3,2,2,6,4,5
win,win,win,win,win,win,win,lose,lose,win,win
4,4,5,3,4,2,3,4,5
3,3,4,2,3,1,1,3,4
win,win,win,win,win,win,win,win,win
2,5,3,5,1,1,5,6,4,3,2,6
1,4,2,4,2,3,4,5,3,2,1,5
win,win,win,win,lose,lose,win,win,win,win,win,win
1,6,2,3,3,2,2,2,5,6,6
6,5,1,2,2,1,1,1,4,5,5
lose,win,win,win,win,win,win,win,win,win,win
3,6,4,6,2,4,4,5,3,5
2,5,3,5,1,3,3,4,2,4
win,win,win,win,win,win,win,win,win,win
5,1,5,2,6,5,1,1,3,1,2,5,2,1,2
4,2,4,1,5,4,2,3,2,3,1,4,1,2,1
win,lose,win,win,win,win,lose,lose,win,lose,win,win,win,lose,win
3,2,4,6,3
1,1,3,1,2
win,win,win,win,win
1,1,6,2,2,2,3,2,3,1,3,4,5
3,2,5,1,1,1,2,1,2,2,2,3,4
lose,lose,win,win,win,win,win,win,win,lose,win,win,win
4,2,3,3,6,1,1,6,1,1,2,4,5,3
3,1,2,2,5,3,2,5,6,2,1,3,4,2
win,win,win,win,win,lose,lose,win,lose,lose,win,win,win,win
