2,2,5,2,3,4,3
5,4,6,3,4,5,4
lose,lose,lose,lose,lose,lose,lose
5,1,5,4,5,4
3,3,3,2,3,2
win,lose,win,win,win,win
6,5,5,1,1,1,5,3,6,6,4
4,3,6,3,3,3,6,4,5,5,5
win,win,lose,lose,lose,lose,lose,lose,win,win,lose
2,6,4,1,4,1
4,4,5,4,6,3
lose,win,lose,lose,lose,lose
1,6,1,1,1,1
3,4,3,3,3,3
lose,win,lose,lose,lose,lose
5,2,4,1,1,4,4,6,5
3,4,5,3,3,5,5,5,6
win,lose,lose,lose,lose,lose,lose,win,lose
5,6,3,6,2,3,5,1,1
3,4,4,4,4,5,6,4,4
win,win,lose,win,lose,lose,lose,lose,lose
4,5,6,4,6,6,6,3,6
5,6,5,5,4,4,4,4,3
lose,lose,win,lose,win,win,win,lose,win
2,2,1,1,3,3
4,4,3,3,4,4
lose,lose,lose,lose,lose,lose
6,2,5,5,5,4
4,4,3,3,3,2
win,lose,win,win,win,win
1,4,1,5,2,5
4,5,3,6,4,6
lose,lose,lose,lose,lose,lose
3,4,1,5,2,2,6,6,5
5,5,3,6,4,3,5,5,6
lose,lose,lose,lose,lose,lose,win,win,lose
6,6,4,1,1,4,1,5,5
4,4,5,3,3,5,3,6,6
win,win,lose,lose,lose,lose,lose,lose,lose
3,6,4,2,3,3,1
5,4,5,4,5,5,2
lose,win,lose,lose,lose,lose,lose
5,1,1,5,4,6,3,3,3,4
3,2,3,6,5,4,4,5,4,5
win,lose,lose,lose,lose,win,lose,lose,lose,lose
4,1,6,4,1,4,4,3,5
5,3,5,5,3,5,5,4,6
lose,lose,win,lose,lose,lose,lose,lose,lose
4,5,3,1,6,5,1,3,6,3
5,6,4,3,5,6,3,4,5,4
lose,lose,lose,lose,win,lose,lose,lose,win,lose
4,4,4,6,2,3,2,5,6,5,4
5,5,5,5,3,4,4,6,5,6,5
lose,lose,lose,win,lose,lose,lose,lose,win,lose,lose
2,5,1,4,1
5,6,3,5,4
lose,lose,lose,lose,lose
2,6,1,6,6,4,3,1
5,4,3,4,4,5,5,3
lose,win,lose,win,win,lose,lose,lose
5,6,2,2,4,3,4,4,5
3,4,4,4,5,5,5,5,6
win,win,lose,lose,lose,lose,lose,lose,lose
3,6,5,5,1,6,3
5,4,3,3,3,4,1
lose,win,win,win,lose,win,win
3,6,6,4,1,6,3,1,1
5,4,4,5,3,4,4,4,2
lose,win,win,lose,lose,win,lose,lose,lose
6,5,2,2,1,3,5,2
4,6,4,4,3,4,6,3
win,lose,lose,lose,lose,lose,lose,lose
5,1,4,1,1,3,5,5
3,3,5,3,3,4,6,6
win,lose,lose,lose,lose,lose,lose,lose
1,4,4,4,4,2,1
4,5,5,5,6,3,2
lose,lose,lose,lose,lose,lose,lose
4,6,4,2,6,1,3,6,6,5,3
5,5,5,4,4,3,5,4,5,6,4
lose,win,lose,lose,win,lose,lose,win,win,lose,lose
6,2,1,5,2,4,3,2
4,4,3,6,4,5,4,3
win,lose,lose,lose,lose,lose,lose,lose
5,2,2,6,6,4,5,3,3
3,4,4,4,4,5,3,4,1
win,lose,lose,win,win,lose,win,lose,win
6,3,3,3,2,6,3,5,6,4
5,4,5,4,4,5,5,6,5,5
win,lose,lose,lose,lose,win,lose,lose,win,lose
3,1,1,4,4
5,3,3,6,6
lose,lose,lose,lose,lose
4,1,1,4,4,2
5,3,3,6,6,3
lose,lose,lose,lose,lose,lose
5,1,1,2,3,3,4
3,3,3,4,5,4,5
win,lose,lose,lose,lose,lose,lose
6,3,6,2,1,2,2,3
5,4,5,4,3,4,4,4
win,lose,win,lose,lose,lose,lose,lose
1,5,3,5,5,3,1,5
4,6,4,6,6,4,2,6
lose,lose,lose,lose,lose,lose,lose,lose
6,2,3,2,1,4,4
5,4,5,4,3,5,5
win,lose,lose,lose,lose,lose,lose
3,1,5,3,4,4,1
5,3,6,4,6,5,2
lose,lose,lose,lose,lose,lose,lose
3,1,5,6,6,5,4,6,6,3,4,4
5,3,6,5,4,6,5,4,4,4,5,5
lose,lose,lose,win,win,lose,lose,win,win,lose,lose,lose
5,6,6,3,6,4,6
3,4,5,4,4,2,5
win,win,win,lose,win,win,win
5,3,2,6,1,2,2,6,3
3,4,4,4,3,4,4,1,4
win,lose,lose,win,lose,lose,lose,win,lose
2,3,3,2,3,5,5
4,5,4,4,4,6,6
lose,lose,lose,lose,lose,lose,lose
3,4,2,5,1,3,2
5,5,4,6,3,4,3
lose,lose,lose,lose,lose,lose,lose
5,6,4,3,6,1,5,5,5
3,4,5,4,4,3,6,3,3
win,win,lose,lose,win,lose,lose,win,win
4,5,5,4,2,2,2,2
5,6,6,6,4,3,3,3
lose,lose,lose,lose,lose,lose,lose,lose
6,4,1,2,6,3,1,6,6
4,2,3,4,4,4,3,4,4
win,win,lose,lose,win,lose,lose,win,win
1,6,1,1,6,6,6,6
4,4,3,3,5,4,4,3
lose,win,lose,lose,win,win,win,win
1,5,6,6,3,2,5,6,3,4
3,6,5,4,5,4,6,4,4,5
lose,lose,win,win,lose,lose,lose,win,lose,lose
1,3,5,5,2,6,1
3,5,6,6,4,1,3
lose,lose,lose,lose,lose,win,lose
4,3,3,5,6,2,6,4,4,2
5,4,4,6,5,4,4,5,5,4
lose,lose,lose,lose,win,lose,win,lose,lose,lose
1,6,1,6,3,1
4,4,3,4,5,4
lose,win,lose,win,lose,lose
3,6,6,1,3,2,2
5,4,4,3,5,4,4
lose,win,win,lose,lose,lose,lose
5,6,1,1,2,3,5,4,5
3,4,2,3,4,5,6,5,6
win,win,lose,lose,lose,lose,lose,lose,lose
1,6,5,4,4,2,2
4,4,6,5,5,4,4
lose,win,lose,lose,lose,lose,lose
1,1,6,5,6,1,5,2
4,3,5,6,4,3,6,3
lose,lose,win,lose,win,lose,lose,lose
4,6,6,5,5,6,4,3,1,5,2
5,4,4,6,3,4,6,2,2,6,1
lose,win,win,lose,win,win,lose,win,lose,lose,win
3,4,2,2,6,6,4,5,4
5,5,4,4,5,5,5,6,6
lose,lose,lose,lose,win,win,lose,lose,lose
3,3,4,6,2,2,4,1
5,5,5,5,4,3,5,2
lose,lose,lose,win,lose,lose,lose,lose
5,5,5,6,1,1,3,2
3,6,6,4,3,4,4,4
win,lose,lose,win,lose,lose,lose,lose
1,5,5,6,1,3,4
4,6,6,5,3,5,5
lose,lose,lose,win,lose,lose,lose
4,6,3,6,5,4,2,2,5,5
5,5,5,4,3,5,4,4,6,6
lose,win,lose,win,win,lose,lose,lose,lose,lose
4,2,5,2,1,2,5
5,4,6,4,3,3,6
lose,lose,lose,lose,lose,lose,lose
1,2,3,4,6,4,6,5,6,4
3,4,4,6,1,5,5,6,4,5
lose,lose,lose,lose,win,lose,win,lose,win,lose
4,5,6,1,2,2,2,1
5,6,5,3,4,4,3,2
lose,lose,win,lose,lose,lose,lose,lose
1,6,6,3,4,6,4,5,6
3,5,4,4,5,4,5,3,3
lose,win,win,lose,lose,win,lose,win,win
6,3,4,6,2,1,2,2
5,5,5,4,4,3,4,3
win,lose,lose,win,lose,lose,lose,lose
4,1,2,4,4,4,4
5,3,4,6,5,5,5
lose,lose,lose,lose,lose,lose,lose
6,4,4,6,4,6,5,4
5,5,5,4,2,4,3,3
win,lose,lose,win,win,win,win,win
5,2,5,1,6,2,3,5,1
3,4,3,3,3,4,4,6,3
win,lose,win,lose,win,lose,lose,lose,lose
3,1,5,4,6,4,4,1
5,3,6,6,5,5,5,2
lose,lose,lose,lose,win,lose,lose,lose
6,2,1,3,2,4,3,6,5
4,4,3,4,4,5,4,5,6
win,lose,lose,lose,lose,lose,lose,win,lose
4,2,1,4,1,2,1
5,4,3,5,3,3,2
lose,lose,lose,lose,lose,lose,lose
6,2,4,6,2,4,5,2,2
5,4,5,4,4,5,6,4,3
win,lose,lose,win,lose,lose,lose,lose,lose
3,1,6,5,1,5,5,1
5,3,5,6,3,6,6,2
lose,lose,win,lose,lose,lose,lose,lose
3,1,5,1
5,3,6,6
lose,lose,lose,lose
4,1,5,3,4,2,1
5,3,6,4,6,4,2
lose,lose,lose,lose,lose,lose,lose
5,6,2,5,5,4
3,4,4,3,3,2
win,win,lose,win,win,win
3,5,3,5,6,6,6,3,6,4,6,3
5,6,5,6,5,5,4,5,4,5,4,4
lose,lose,lose,lose,win,win,win,lose,win,lose,win,lose
2,4,4,4,3,5,2
5,5,5,6,4,6,3
lose,lose,lose,lose,lose,lose,lose
6,2,3,1,5,4,1,1
5,4,5,3,6,5,2,2
win,lose,lose,lose,lose,lose,lose,lose
3,1,4,3,4,4
5,4,6,4,5,5
lose,lose,lose,lose,lose,lose
6,3,3,4,5,1,4,3,6,4
4,4,5,5,6,3,5,4,5,5
win,lose,lose,lose,lose,lose,lose,lose,win,lose
6,4,2,3,3,6,4,6,5
4,2,4,5,5,4,5,4,3
win,win,lose,lose,lose,win,lose,win,win
4,5,2,5,6,1,6,2,3
5,6,4,6,5,3,5,4,4
lose,lose,lose,lose,win,lose,win,lose,lose
1,3,2,4,5
4,5,4,6,6
lose,lose,lose,lose,lose
6,5,4,5,4,6
4,3,5,3,2,2
win,win,lose,win,win,win
3,5,2,3,5,5,2,2
5,6,4,4,6,6,3,3
lose,lose,lose,lose,lose,lose,lose,lose
2,4,6,2,2,5,5,4
4,5,5,4,4,6,6,5
lose,lose,win,lose,lose,lose,lose,lose
2,6,2,2,6,5,6,2,5
4,4,4,4,5,6,4,4,6
lose,win,lose,lose,win,lose,win,lose,lose
5,5,5,4,6,2,5,4
3,3,6,5,4,4,3,2
win,win,lose,lose,win,lose,win,win
4,3,1,2,5,2,1
5,5,3,4,6,3,2
lose,lose,lose,lose,lose,lose,lose
4,5,1,2,4,5,5
5,6,3,4,6,6,6
lose,lose,lose,lose,lose,lose,lose
5,5,5,1,6,2,3,5
3,6,6,4,4,4,5,6
win,lose,lose,lose,win,lose,lose,lose
5,6,1,6,5,3,3
3,4,3,4,3,4,1
win,win,lose,win,win,lose,win
5,4,2,4,1,1,4,1
3,5,4,5,3,3,5,2
win,lose,lose,lose,lose,lose,lose,lose
5,4,5,5,4,2,3
3,2,6,3,2,3,1
win,win,lose,win,win,lose,win
1,5,6,3,1,4,5,4
4,6,5,4,3,5,6,5
lose,lose,win,lose,lose,lose,lose,lose
2,1,4,3,2,6,1,4
4,3,5,4,3,5,3,5
lose,lose,lose,lose,lose,win,lose,lose
3,6,1,5,1,3,5
5,4,3,6,3,5,6
lose,win,lose,lose,lose,lose,lose
3,5,1,2,4,6,5
5,6,3,4,6,1,6
lose,lose,lose,lose,lose,win,lose
3,4,4,3,5,6,6,6,6,1,2
5,5,5,4,6,5,5,5,4,3,4
lose,lose,lose,lose,lose,win,win,win,win,lose,lose
